[{
    "filters": [{
         "args": {
            "parts": "1"
        },
        "name": "StripPrefix"
    }],
    "id": "user-auth-service",
    "order": 0,
    "predicates": [{
        "args": {
            "pattern": "/auth/**"
        },
        "name": "Path"
    }],
    "uri": "lb://user-auth-service"
},
{
    "filters": [{
         "args": {
            "parts": "1"
        },
        "name": "StripPrefix"
    }],
    "id": "minio-service",
    "order": 0,
    "predicates": [{
        "args": {
            "pattern": "/minio/**"
        },
        "name": "Path"
    }],
    "uri": "lb://minio-service"
},
{
    "filters": [{
         "args": {
            "parts": "1"
        },
        "name": "StripPrefix"
    }],
    "id": "nacos-discovery-service",
    "order": 0,
    "predicates": [{
        "args": {
            "pattern": "/service/**"
        },
        "name": "Path"
    }],
    "uri": "lb://nacos-discovery-service"
},
{
    "filters": [{
         "args": {
            "parts": "1"
        },
        "name": "StripPrefix"
    }],
    "id": "nacos-config-service",
    "order": 0,
    "predicates": [{
        "args": {
            "pattern": "/config/**"
        },
        "name": "Path"
    }],
    "uri": "lb://nacos-config-service"
},
{
    "filters": [{
         "args": {
            "parts": "1"
        },
        "name": "StripPrefix"
    }],
    "id": "system-service",
    "order": 0,
    "predicates": [{
        "args": {
            "pattern": "/system/**"
        },
        "name": "Path"
    }],
    "uri": "lb://system-service"
},
{
    "filters": [{
         "args": {
            "parts": "1"
        },
        "name": "StripPrefix"
    }],
    "id": "kubernetes-management-service",
    "order": 0,
    "predicates": [{
        "args": {
            "pattern": "/deploy/**"
        },
        "name": "Path"
    }],
    "uri": "lb://kubernetes-management-service"
},
{
    "filters": [{
         "args": {
            "parts": "1"
        },
        "name": "StripPrefix"
    }],
    "id": "user-management-service",
    "order": 0,
    "predicates": [{
        "args": {
            "pattern": "/user/**"
        },
        "name": "Path"
    }],
    "uri": "lb://user-management-service"
}]